id,province,city,place_name,full_name,region,visit_date,trip_tag,excerpt,snacks,search_term,lat,lng,image_url,article_url,featured,source_file,source_title,extractor_notes,human_reviewed
HY001,陕西,西安市,曲江新区,陕西·曲江新区,北京,2022年7月,,曲江新区夜景很美，大唐不夜城的灯火辉煌让人仿佛穿越回了盛唐。,[],陕西西安曲江新区,34.2134,108.9585,,,false,2022-07-28_曲江新区.pdf,曲江新区,,Y
HY002,陕西,西安市,未央宫遗址,陕西·未央宫遗址,北京,2022年7月,,未央宫遗址公园里走一圈，再喝一碗肉丸胡辣汤，这就是西安的日常。,"[""肉丸胡辣汤""]",陕西西安未央宫遗址,34.2897,108.9426,,,false,2022-07-29_未央宫遗址和肉丸胡辣汤.pdf,未央宫遗址和肉丸胡辣汤,,Y
HY003,安徽,合肥市,合肥市区,安徽·合肥,北京,2022年8月,2022南下之旅,隔离生活虽然无聊，但合肥的街道还算安静，适合慢慢走。,[],安徽合肥,31.8206,117.2272,,,false,2022-08-28_开始在合肥的隔离生活.pdf,开始在合肥的隔离生活,,Y
HY004,安徽,池州市,九华山,安徽·九华山,北京,2022年9月,2022南下之旅,九华山的云海和佛光让人心旷神怡，拜佛赏景两不误。,"[""素斋""]",安徽池州九华山,30.5450,117.8010,,,true,2022-09-10_九华山拜佛赏景全攻略.pdf,九华山拜佛赏景全攻略,,Y
HY005,安徽,池州市,笔架山,安徽·笔架山,北京,2022年9月,2022南下之旅,夜爬笔架山，山顶的星空和城市的灯光交相辉映。,[],安徽池州笔架山,30.6667,117.4833,,,false,2022-09-07_夜爬笔架山.pdf,夜爬笔架山,,Y
HY006,安徽,宣城市,查济古镇,安徽·查济古镇,北京,2022年9月,2022南下之旅,查济古镇安静得像一幅水墨画，想在这里度余生。,"[""毛豆腐"",""臭鳜鱼""]",安徽宣城查济古镇,30.5833,118.0167,,,true,2022-09-16_查济，想度余生的地方.pdf,查济，想度余生的地方,,Y
HY007,安徽,三河市,三河古镇,安徽·三河古镇,北京,2022年9月,2022南下之旅,三河古镇出名人，古街古巷里藏着不少故事。,"[""米饺""]",安徽合肥三河古镇,31.6333,117.2667,,,false,2022-09-04_三河古镇出名人.pdf,三河古镇出名人,,Y
HY008,江苏,扬州市,扬州古城,江苏·扬州,北京,2022年9月,2022南下之旅,扬州慢，慢在早茶的悠闲，慢在瘦西湖的婉约。,"[""扬州炒饭"",""蟹黄汤包""]",江苏扬州瘦西湖,32.3936,119.4129,,,true,2022-09-20_扬州慢.pdf,扬州慢,,Y
HY009,浙江,舟山市,朱家尖,浙江·朱家尖,北京,2022年10月,2022南下之旅,朱家尖的海滩是舟山最美的，沙细浪柔，可以发呆一整天。,"[""呛蟹""]",浙江舟山朱家尖,29.9167,122.3833,,,true,2022-10-11_舟山最美朱家尖.pdf,舟山最美朱家尖,,Y
HY010,浙江,宁波市,宁波市区,浙江·宁波,北京,2022年10月,2022南下之旅,宁波的酱青蟹是人间美味，咸鲜适口，配一碗白饭绝了。,"[""酱青蟹"",""猪油糕"",""面结面""]",浙江宁波天一阁,29.8683,121.5440,,,true,2022-10-14_宁波的酱青蟹.pdf,宁波的酱青蟹,,Y
HY011,浙江,杭州市,杭州西湖,浙江·杭州西湖,北京,2022年11月,2022南下之旅,杭州的秋天是最美的季节，西湖边的落叶铺成金色的地毯。,[],浙江杭州西湖,30.2420,120.1485,,,false,2022-11-08_和北京兄弟在杭州相聚.pdf,和北京兄弟在杭州相聚,,Y
HY012,福建,武夷山市,武夷山,福建·武夷山,北京,2022年12月,2022南下之旅,有生之年一定要去趟武夷山，九曲溪的竹筏漂流让人忘却尘世烦恼。,"[""大红袍"",""熏鹅""]",福建武夷山九曲溪,27.7547,118.0353,,,true,2022-12-10_有生之年一定要去趟武夷山.pdf,有生之年一定要去趟武夷山,,Y
HY013,福建,霞浦县,霞浦,福建·霞浦,北京,2022年12月,2022南下之旅,霞浦的滩涂在夕阳下金光闪闪，是摄影人的天堂。,[],福建霞浦,26.8850,120.0050,,,false,2022-12-13_霞浦霞浦.pdf,霞浦霞浦,,Y
HY014,福建,平潭县,平潭岛,福建·平潭岛,北京,2022年12月,2022南下之旅,平潭岛北线风雨交加，南线浪涛汹涌，太平洋的气势让人敬畏。,"[""海蛎煎"",""鱼丸""]",福建平潭岛,25.5000,119.7833,,,false,2022-12-16_平潭岛北线游—东海岸风雨交加.pdf,平潭岛北线游—东海岸风雨交加,,Y
HY015,福建,厦门市,鼓浪屿,福建·鼓浪屿,北京,2022年12月,2022南下之旅,鼓浪屿的巷子里藏着各种小惊喜，但也藏着各种坑。,"[""沙茶面"",""土笋冻""]",福建厦门鼓浪屿,24.4488,118.0657,,,false,2022-12-19_鼓浪屿防坑提示和虐狗指南.pdf,鼓浪屿防坑提示和虐狗指南,,Y
HY016,福建,漳州市,南靖土楼,福建·南靖土楼,北京,2022年12月,2022南下之旅,南靖土楼的壮观超出想象，几百年前的建筑智慧令人叹服。,[],福建漳州南靖土楼,24.6578,117.0372,,,false,2022-12-20_南靖土楼和夜潮州，准备在广东羊.pdf,南靖土楼和夜潮州，准备在广东羊,,Y
HY017,河北,保定市,保定古城,河北·保定,北京,2022年8月,,保定—驴火解千愁，一个驴肉火烧就能治愈旅途的疲惫。,"[""驴肉火烧""]",河北保定,38.8739,115.4646,,,false,2022-08-16_保定—驴火解千愁.pdf,保定—驴火解千愁,,Y
HY018,河北,石家庄市,河北省博物馆,河北·河北省博物馆,北京,2022年8月,,河北省博物馆里的长信宫灯和金缕玉衣，让人感叹两千年前的工艺水平。,[],河北石家庄河北省博物馆,38.0400,114.5140,,,false,2022-08-23_河北省博物馆.pdf,河北省博物馆,,Y
HY019,河北,安新县,白洋淀,河北·白洋淀,北京,2022年8月,,白洋淀里静悄悄，芦苇荡里只有水鸟的叫声，世界仿佛慢了下来。,"[""炖杂鱼""]",河北安新白洋淀,38.9400,115.9400,,,false,2022-08-20_白洋淀里静悄悄.pdf,白洋淀里静悄悄,,Y
HY020,山西,太原市,晋阳湖,山西·晋阳湖,北京,2022年10月,,步行3小时环晋阳湖15公里，湖面宽阔，夕阳下的剪影美不胜收。,"[""丸子汤""]",山西太原晋阳湖,37.7400,112.5200,,,false,2022-10-28_步行3小时，环晋阳湖15公里.pdf,步行3小时，环晋阳湖15公里,,Y
HY021,山西,平遥县,平遥古城,山西·平遥古城,北京,2022年10月,,平遥古城阴冷萧条，但古城墙上的风声让人想起晋商的辉煌岁月。,"[""平遥牛肉"",""碗托""]",山西平遥古城,37.1890,111.7580,,,false,2022-10-30_平遥古城，阴冷和萧条.pdf,平遥古城，阴冷和萧条,,Y
HY022,河南,开封市,开封府,河南·开封府,北京,2022年11月,,开封府第一站，包公祠的威严和清明上河园的热闹形成鲜明对比。,"[""灌汤包""]",河南开封府,34.7980,114.3450,,,false,2022-11-27_开封府，第一站.pdf,开封府，第一站,,Y
HY023,广东,潮州市,潮州古城,广东·潮州,北京,2022年12月,2022南下之旅,潮州的夜比白天更迷人，牌坊街的灯光和牛肉火锅的蒸汽交织在一起。,"[""牛肉火锅"",""潮州粉果""]",广东潮州古城,23.6567,116.6227,,,true,2022-12-20_南靖土楼和夜潮州，准备在广东羊.pdf,南靖土楼和夜潮州，准备在广东羊,,Y
HY024,北京,西城区,德外老街区,北京·德外老街区,北京,2021年12月,,德外的老街区和老饭馆，是北京最真实的烟火气。,"[""肉饼""]",北京德胜门外,39.9590,116.3820,,,false,2021-12-19_德外的老街区和老饭馆.pdf,德外的老街区和老饭馆,,Y
HY025,北京,西城区,护国寺,北京·护国寺,北京,2022年8月,,护国寺的宫廷甜点，豌豆黄和驴打滚，每一口都是老北京的味道。,"[""豌豆黄"",""驴打滚""]",北京护国寺,39.9370,116.3740,,,false,2022-08-13_护国寺的宫廷甜点.pdf,护国寺的宫廷甜点,,Y
HY026,北京,西城区,西单,北京·西单,北京,2021年12月,,西单美食之大悦城墨纪墨西哥餐厅，taco和龙舌兰的异国风情。,"[""taco""]",北京西单,39.9090,116.3730,,,false,2021-12-01_西单美食之大悦城墨纪墨西哥餐厅.pdf,西单美食之大悦城墨纪墨西哥餐厅,,Y
HY027,江苏,苏州市,甪直古镇,江苏·甪直古镇,北京,2022年10月,2022南下之旅,大爱甪直古镇，水巷小桥、枕河人家，比周庄安静十倍。,"[""甫里鸭"",""萝卜丝饼""]",江苏苏州甪直古镇,31.2600,120.8200,,,true,2022-10-05_大爱甪直古镇.pdf,大爱甪直古镇,,Y
HY028,江苏,苏州市,同里古镇,江苏·同里古镇,北京,2022年10月,2022南下之旅,像后海夜色的同里，退思园的灯光倒映在水面上如梦似幻。,[],江苏苏州同里古镇,31.1600,120.7167,,,false,2022-10-04_像后海的夜同里.pdf,像后海的夜同里,,Y
HY029,江苏,苏州市,黎里古镇,江苏·黎里古镇,北京,2022年10月,2022南下之旅,心里梦里黎里，这个小镇安静得让人不想离开。,"[""辣脚"",""套肠""]",江苏苏州黎里古镇,31.0500,120.7000,,,false,2022-10-03_心里，梦里，黎里.pdf,心里，梦里，黎里,,Y
HY030,浙江,嵊泗县,嵊泗列岛,浙江·嵊泗,北京,2022年10月,2022南下之旅,嵊泗环岛一日游，碧海蓝天，渔村炊烟，这才是海岛该有的样子。,"[""海鲜面""]",浙江舟山嵊泗,30.7300,122.4500,,,false,2022-10-09_嵊泗环岛一日游.pdf,嵊泗环岛一日游,,Y
HY031,安徽,宣城市,皖南川藏线,安徽·皖南川藏线,北京,2022年9月,2022南下之旅,皖风徽韵，从黄山到婺源的极美乡道，每一帧都是壁纸。,[],安徽宣城皖南川藏线,30.5667,118.4167,,,false,2022-09-02_皖风徽韵.pdf,皖风徽韵,,Y
HY032,江苏,南京市,盱眙,江苏·盱眙,北京,2022年9月,2022南下之旅,盱眙十三香吊打簋街麻小，这话一点不假，鲜香麻辣直冲天灵盖。,"[""十三香小龙虾""]",江苏淮安盱眙,33.0067,118.5170,,,false,2022-09-17_盱眙十三香吊打簋街麻小.pdf,盱眙十三香吊打簋街麻小,,Y
